,carrier,p_nom,type,bus,marginal_cost,ramp_limit_up,ramp_limit_down,p_max_pu
Drax - coal units,Coal,1980.0,,Thornton/Drax/Eggborough,,1.0,1.0,1.0
Cottam,Coal,2008.0,,Keadby,,1.0,1.0,1.0
West Burton,Coal,2012.0,,Keadby,,1.0,1.0,1.0
Eggborough,Coal,1960.0,,Thornton/Drax/Eggborough,,1.0,1.0,1.0
Aberthaw B,Coal,1610.0,,Melksham,,1.0,1.0,1.0
Uskmouth power,Coal,363.0,,Melksham,,1.0,1.0,1.0
Fiddler`s Ferry,Coal,1961.0,,Deeside,,1.0,1.0,1.0
Ratcliffe,Coal,2021.0,,Ratcliffe,,1.0,1.0,1.0
Dungeness B,Nuclear,1120.0,,Sellindge,5.0,0.03,0.03,0.73
Hartlepool,Nuclear,1207.0,,Stella West,5.0,0.03,0.03,0.73
Heysham 1,Nuclear,1179.0,,Penwortham,5.0,0.03,0.03,0.73
Heysham 2,Nuclear,1254.0,,Penwortham,5.0,0.03,0.03,0.73
Hinkley Point B,Nuclear,1061.0,,S.W.Penisula,5.0,0.03,0.03,0.73
Sizewell B,Nuclear,1216.0,,Bramford,5.0,0.03,0.03,0.73
Hunterston B,Nuclear,1074.0,,Neilston,5.0,0.03,0.03,0.73
Torness,Nuclear,1250.0,,Torness,5.0,0.03,0.03,0.73
Sutton Bridge,Natural Gas,819.0,CCGT,Walpole,,1.0,1.0,1.0
Baglan Bay CCGT,Natural Gas,520.0,CCGT,Melksham,,1.0,1.0,1.0
Severn Power,Natural Gas,850.0,CCGT,Melksham,,1.0,1.0,1.0
Peterborough,Natural Gas,360.0,CCGT,Walpole,,1.0,1.0,1.0
Glanford Brigg,Natural Gas,150.0,CCGT,Keadby,,1.0,1.0,1.0
Barry,Natural Gas,235.0,CCGT,Melksham,,1.0,1.0,1.0
Corby,Natural Gas,401.0,CCGT,Ratcliffe,,1.0,1.0,1.0
Castleford,Natural Gas,56.0,CCGT,Thornton/Drax/Eggborough,,1.0,1.0,1.0
Sandbach,Natural Gas,56.0,CCGT,Daines,,1.0,1.0,1.0
Thornhill,Natural Gas,50.0,CCGT,Th. Marsh/Stocksbridge,,1.0,1.0,1.0
West Burton CCGT,Natural Gas,1332.0,CCGT,Keadby,,1.0,1.0,1.0
South Humber Bank,Natural Gas,1365.0,CCGT,Keadby,,1.0,1.0,1.0
Langage,Natural Gas,905.0,CCGT,S.W.Penisula,,1.0,1.0,1.0
Carrington,Natural Gas,910.0,CCGT,Daines,,1.0,1.0,1.0
Rocksavage,Natural Gas,810.0,CCGT,Deeside,,1.0,1.0,1.0
Coryton,Natural Gas,800.0,CCGT,Kemsley,,1.0,1.0,1.0
Spalding,Natural Gas,880.0,CCGT,Walpole,,1.0,1.0,1.0
Marchwood,Natural Gas,920.0,CCGT,Lovedean,,1.0,1.0,1.0
Didcot B,Natural Gas,1550.0,CCGT,Bramley,,1.0,1.0,1.0
Great Yarmouth,Natural Gas,420.0,CCGT,Bramford,,1.0,1.0,1.0
Little Barford,Natural Gas,740.0,CCGT,Sundon/East Claydon,,1.0,1.0,1.0
Pembroke,Natural Gas,2199.0,CCGT,Melksham,,1.0,1.0,1.0
Staythorpe C,Natural Gas,1772.0,CCGT,Ratcliffe,,1.0,1.0,1.0
Saltend *,Natural Gas,1200.0,CCGT,Keadby,,1.0,1.0,1.0
Blackburn,Natural Gas,59.0,CCGT,Penwortham,,1.0,1.0,1.0
Damhead Creek,Natural Gas,805.0,CCGT,Kemsley,,1.0,1.0,1.0
Shoreham,Natural Gas,420.0,CCGT,Lovedean,,1.0,1.0,1.0
Rye House,Natural Gas,715.0,CCGT,Pelham,,1.0,1.0,1.0
Seabank,Natural Gas,1234.0,CCGT,Melksham,,1.0,1.0,1.0
Fellside CHP *,Natural Gas,180.0,CCGT,Harker,,1.0,1.0,1.0
Peterhead,Natural Gas,1180.0,CCGT,Peterhead,,1.0,1.0,1.0
Keadby,Natural Gas,735.0,CCGT,Keadby,,1.0,1.0,1.0
Medway,Natural Gas,755.0,CCGT,Kemsley,,1.0,1.0,1.0
Cottam Development Centre,Natural Gas,445.0,CCGT,Keadby,,1.0,1.0,1.0
Connahs Quay,Natural Gas,1380.0,CCGT,Deeside,,1.0,1.0,1.0
Enfield,Natural Gas,408.0,CCGT,London,,1.0,1.0,1.0
Grain CHP *,Natural Gas,1517.0,CCGT,Kemsley,,1.0,1.0,1.0
VPI Immingham *,Natural Gas,1240.0,CCGT,Keadby,,1.0,1.0,1.0
Baglan Bay OCGT,Natural Gas,32.3,OCGT,Melksham,,1.0,1.0,1.0
Killingholme,Natural Gas,600.0,OCGT,Keadby,,1.0,1.0,1.0
Barkantine Heat & Power Company *,Natural Gas,1.0,OCGT,London,,1.0,1.0,1.0
London Heat & Power Company *,Natural Gas,9.0,OCGT,London,,1.0,1.0,1.0
Wilton GT *,Natural Gas,120.0,OCGT,Stella West,,1.0,1.0,1.0
Burghfield,Natural Gas,50.0,OCGT,Bramley,,1.0,1.0,1.0
Chickerell,Natural Gas,50.0,OCGT,S.W.Penisula,,1.0,1.0,1.0
Chippenham,Natural Gas,10.0,OCGT,Melksham,,1.0,1.0,1.0
Pilkington - Greengate *,Natural Gas,10.0,OCGT,Deeside,,1.0,1.0,1.0
Knapton,Natural Gas,41.5,OCGT,Thornton/Drax/Eggborough,,1.0,1.0,1.0
Drax GT,Oil,75.0,,Thornton/Drax/Eggborough,,1.0,1.0,1.0
West Burton GT,Oil,40.0,,Keadby,,1.0,1.0,1.0
Aberthaw GT,Oil,51.0,,Melksham,,1.0,1.0,1.0
Cowes,Oil,140.0,,Lovedean,,1.0,1.0,1.0
Didcot GT,Oil,100.0,,Sundon/East Claydon,,1.0,1.0,1.0
Little Barford GT,Oil,17.0,,Sundon/East Claydon,,1.0,1.0,1.0
Fiddler`s Ferry GT,Oil,35.0,,Deeside,,1.0,1.0,1.0
Keadby GT,Oil,25.0,,Keadby,,1.0,1.0,1.0
Taylor's Lane GT,Oil,144.0,,Lovedean,,1.0,1.0,1.0
Grain GT,Oil,56.0,,Kemsley,,1.0,1.0,1.0
Ratcliffe GT,Oil,34.0,,Ratcliffe,,1.0,1.0,1.0
Indian Queens,Oil,140.0,Gas oil / kerosene,S.W.Penisula,,1.0,1.0,1.0
Arnish,Oil,10.2,Diesel,Beauly,,1.0,1.0,1.0
Barra,Oil,3.0,Diesel,Beauly,,1.0,1.0,1.0
Bowmore,Oil,6.2,Diesel,N. Ireland,,1.0,1.0,1.0
Kirkwall,Oil,16.0,Diesel,Peterhead,,1.0,1.0,1.0
Lerwick,Oil,67.0,Diesel,Peterhead,,1.0,1.0,1.0
"Loch Carnan, South Uist",Oil,11.5,Diesel,Beauly,,1.0,1.0,1.0
Tiree,Oil,3.0,Diesel,Neilston,,1.0,1.0,1.0
Stornoway,Oil,24.0,Diesel,Beauly,,1.0,1.0,1.0
Green's Lodge Farm,Anaerobic Digestion,2.0,Anaerobic Digestion,Ratcliffe,0.0,1.0,1.0,1.0
Oak Grove Biomass Facility,Anaerobic Digestion,2.0,Anaerobic Digestion,Walpole,0.0,1.0,1.0,1.0
Land at Grange Farm,Anaerobic Digestion,1.1,Anaerobic Digestion,Keadby,0.0,1.0,1.0,1.0
North Tamar Environ Project - Holsworthy  (Farm AD),Anaerobic Digestion,1.4,Anaerobic Digestion,S.W.Penisula,0.0,1.0,1.0,1.0
Deerdykes Composting and Organics Recycling Facility (Waste AD),Anaerobic Digestion,1.0,Anaerobic Digestion,Denny/Bonnybridge,0.0,1.0,1.0,1.0
Cumbernauld BioPlant  (Waste AD),Anaerobic Digestion,2.4,Anaerobic Digestion,Denny/Bonnybridge,0.0,1.0,1.0,1.0
Carr Farm (Farm AD),Anaerobic Digestion,1.0,Anaerobic Digestion,Penwortham,0.0,1.0,1.0,1.0
Stoke Bardolph energy crop (Farm AD),Anaerobic Digestion,2.0,Anaerobic Digestion,Ratcliffe,0.0,1.0,1.0,1.0
BV Dairy  (Farm AD),Anaerobic Digestion,1.5,Anaerobic Digestion,S.W.Penisula,0.0,1.0,1.0,1.0
South Manchester Resource Recovery Centre (AD),Anaerobic Digestion,2.0,Anaerobic Digestion,Daines,0.0,1.0,1.0,1.0
Reliance Street Mechanical Biological Treatment Facility (MBT),Anaerobic Digestion,2.0,Anaerobic Digestion,Daines,0.0,1.0,1.0,1.0
Fenmarc Fenland AD Plant (Waste AD),Anaerobic Digestion,1.5,Anaerobic Digestion,Walpole,0.0,1.0,1.0,1.0
Marsh Farm  (Farm AD),Anaerobic Digestion,1.4,Anaerobic Digestion,Walpole,0.0,1.0,1.0,1.0
Thornton Waste Recovery Park (Waste AD),Anaerobic Digestion,1.9,Anaerobic Digestion,Penwortham,0.0,1.0,1.0,1.0
Farington Waste Recovery Park (Waste AD),Anaerobic Digestion,1.9,Anaerobic Digestion,Penwortham,0.0,1.0,1.0,1.0
Fernbrook AD Plant (Waste AD),Anaerobic Digestion,1.5,Anaerobic Digestion,Sundon/East Claydon,0.0,1.0,1.0,1.0
Sefter Farm AD Plant (Farm AD),Anaerobic Digestion,1.0,Anaerobic Digestion,Lovedean,0.0,1.0,1.0,1.0
Brookfield Farm AD Plant (Farm AD),Anaerobic Digestion,1.3,Anaerobic Digestion,Feckenham,0.0,1.0,1.0,1.0
Cassington AD (Waste AD),Anaerobic Digestion,2.1,Anaerobic Digestion,Sundon/East Claydon,0.0,1.0,1.0,1.0
Energen biogas cumbernauld,Anaerobic Digestion,2.4,Anaerobic Digestion,Denny/Bonnybridge,0.0,1.0,1.0,1.0
Bristol STW (Waste AD),Anaerobic Digestion,10.0,Anaerobic Digestion,Melksham,0.0,1.0,1.0,1.0
A C Shropshire (Farm AD),Anaerobic Digestion,2.5,Anaerobic Digestion,Ratcliffe,0.0,1.0,1.0,1.0
Lowbrook Farm Anaerobic Digester (Farm AD),Anaerobic Digestion,1.3,Anaerobic Digestion,S.W.Penisula,0.0,1.0,1.0,1.0
Symonds Farm Power Ltd (Farm AD),Anaerobic Digestion,1.4,Anaerobic Digestion,Bramford,0.0,1.0,1.0,1.0
Buttermilk Farm,Anaerobic Digestion,1.1,Anaerobic Digestion,Pelham,0.0,1.0,1.0,1.0
Spring Farm (biomass),Anaerobic Digestion,1.0,Anaerobic Digestion,Walpole,0.0,1.0,1.0,1.0
Trinity Hall Farm,Anaerobic Digestion,1.1,Anaerobic Digestion,Sundon/East Claydon,0.0,1.0,1.0,1.0
Prosper Demulder Limited Anaerobic Digestion Plant (Waste AD),Anaerobic Digestion,2.0,Anaerobic Digestion,Th. Marsh/Stocksbridge,0.0,1.0,1.0,1.0
Sandhill Anaerobic Digestion Plant (Waste AD),Anaerobic Digestion,2.0,Anaerobic Digestion,Thornton/Drax/Eggborough,0.0,1.0,1.0,1.0
Abbots moor Farm Anaerobic Digester (Farm AD),Anaerobic Digestion,1.0,Anaerobic Digestion,Deeside,0.0,1.0,1.0,1.0
Poplars Anaerobic Digestion Facility (Waste AD),Anaerobic Digestion,6.0,Anaerobic Digestion,Feckenham,0.0,1.0,1.0,1.0
Reepham Road (Waste AD),Anaerobic Digestion,1.5,Anaerobic Digestion,Walpole,0.0,1.0,1.0,1.0
Coleshill STW (Waste AD),Anaerobic Digestion,2.4,Anaerobic Digestion,Feckenham,0.0,1.0,1.0,1.0
Colwick Industrial Estate (Farm and Food waste),Anaerobic Digestion,2.0,Anaerobic Digestion,Ratcliffe,0.0,1.0,1.0,1.0
Green Waste Composting Facility (Waste AD),Anaerobic Digestion,1.2,Anaerobic Digestion,Bramley,0.0,1.0,1.0,1.0
Singleton Birch (Farm AD),Anaerobic Digestion,1.5,Anaerobic Digestion,Keadby,0.0,1.0,1.0,1.0
Bryn Pica AD / Tomorrow's Valley (Waste AD) - resubmission,Anaerobic Digestion,1.0,Anaerobic Digestion,Melksham,0.0,1.0,1.0,1.0
Bredbury Park Way - AD Stockport (Waste AD),Anaerobic Digestion,2.0,Anaerobic Digestion,Daines,0.0,1.0,1.0,1.0
"Stud Farm, Rufford (Farm AD)",Anaerobic Digestion,2.2,Anaerobic Digestion,Ratcliffe,0.0,1.0,1.0,1.0
Barkip Anaerobic Digestor (Waste AD),Anaerobic Digestion,2.2,Anaerobic Digestion,Neilston,0.0,1.0,1.0,1.0
Dryholme Farm (Farm AD),Anaerobic Digestion,1.0,Anaerobic Digestion,Harker,0.0,1.0,1.0,1.0
Lochhead Landfill CHP,Anaerobic Digestion,1.7,Anaerobic Digestion,Denny/Bonnybridge,0.0,1.0,1.0,1.0
Merevale & Blyth Estate (Waste AD),Anaerobic Digestion,2.0,Anaerobic Digestion,Feckenham,0.0,1.0,1.0,1.0
Bygrave Lodge Farm Anaerobic Digestion Facility (Farm AD),Anaerobic Digestion,2.3,Anaerobic Digestion,Pelham,0.0,1.0,1.0,1.0
Westwood AD Plant (Farm AD),Anaerobic Digestion,2.0,Anaerobic Digestion,Sundon/East Claydon,0.0,1.0,1.0,1.0
May Farm Anaerobic Digester (Farm AD),Anaerobic Digestion,2.4,Anaerobic Digestion,Walpole,0.0,1.0,1.0,1.0
Carousel Dairy AD Plant (Farm AD),Anaerobic Digestion,1.5,Anaerobic Digestion,Bramley,0.0,1.0,1.0,1.0
Cannington Cold Stores,Anaerobic Digestion,3.3,Anaerobic Digestion,S.W.Penisula,0.0,1.0,1.0,1.0
McCain Foods AD Plant (AD),Anaerobic Digestion,1.0,Anaerobic Digestion,Walpole,0.0,1.0,1.0,1.0
Preston Road AD Plant (Waste AD),Anaerobic Digestion,2.8,Anaerobic Digestion,Stella West,0.0,1.0,1.0,1.0
East Dagenham Docks AD (AD),Anaerobic Digestion,1.4,Anaerobic Digestion,London,0.0,1.0,1.0,1.0
Manor Farm (Farm AD),Anaerobic Digestion,1.5,Anaerobic Digestion,Walpole,0.0,1.0,1.0,1.0
Westcott Venture Park,Anaerobic Digestion,2.0,Anaerobic Digestion,Sundon/East Claydon,0.0,1.0,1.0,1.0
Swancote Farm AD (Farm AD),Anaerobic Digestion,2.2,Anaerobic Digestion,Feckenham,0.0,1.0,1.0,1.0
Glasgow Renewable Energy and Recycling Centre (Waste AD),Anaerobic Digestion,5.0,Anaerobic Digestion,Neilston,0.0,1.0,1.0,1.0
Wyke Farms Biogas (Farm AD),Anaerobic Digestion,1.0,Anaerobic Digestion,S.W.Penisula,0.0,1.0,1.0,1.0
South Kirkby Business Park (Waste AD),Anaerobic Digestion,6.0,Anaerobic Digestion,Th. Marsh/Stocksbridge,0.0,1.0,1.0,1.0
Energy Works Hull - AD (Waste AD),Anaerobic Digestion,3.0,Anaerobic Digestion,Keadby,0.0,1.0,1.0,1.0
Staples Anaerobic Digestion CHP Plant (Waste AD),Anaerobic Digestion,1.4,Anaerobic Digestion,Walpole,0.0,1.0,1.0,1.0
Dimmer Anaerobic Digestor (Waste AD),Anaerobic Digestion,3.0,Anaerobic Digestion,S.W.Penisula,0.0,1.0,1.0,1.0
Wallingford (Waste AD),Anaerobic Digestion,2.4,Anaerobic Digestion,Bramley,0.0,1.0,1.0,1.0
Granox Biogas Plant,Anaerobic Digestion,5.0,Anaerobic Digestion,Deeside,0.0,1.0,1.0,1.0
Prosper Demulder Limited Anaerobic Digestion Plant (Waste AD) - extension,Anaerobic Digestion,3.0,Anaerobic Digestion,Th. Marsh/Stocksbridge,0.0,1.0,1.0,1.0
Trumps Farm (AD),Anaerobic Digestion,2.4,Anaerobic Digestion,Bramley,0.0,1.0,1.0,1.0
Ratty's Lane Sustainable Energy Facility (Waste AD),Anaerobic Digestion,3.0,Anaerobic Digestion,Pelham,0.0,1.0,1.0,1.0
Brookhurst Wood (Waste AD),Anaerobic Digestion,4.5,Anaerobic Digestion,London,0.0,1.0,1.0,1.0
Halstead Renewable Power Project (Waste AD),Anaerobic Digestion,2.0,Anaerobic Digestion,Pelham,0.0,1.0,1.0,1.0
Walpole Landfill AD (Waste AD),Anaerobic Digestion,1.6,Anaerobic Digestion,S.W.Penisula,0.0,1.0,1.0,1.0
Waen Biogas (Waste AD),Anaerobic Digestion,1.0,Anaerobic Digestion,Deeside,0.0,1.0,1.0,1.0
Pebble Hall Farm - resubmission - Food Waste AD,Anaerobic Digestion,4.0,Anaerobic Digestion,Ratcliffe,0.0,1.0,1.0,1.0
St Nicholas Court Farm (AD) - resubmission,Anaerobic Digestion,1.2,Anaerobic Digestion,Sellindge,0.0,1.0,1.0,1.0
Gore Cross - AD,Anaerobic Digestion,2.2,Anaerobic Digestion,Lovedean,0.0,1.0,1.0,1.0
Dagenham Docks Biogas (Waste AD),Anaerobic Digestion,1.4,Anaerobic Digestion,London,0.0,1.0,1.0,1.0
Leeming Bar (Waste AD),Anaerobic Digestion,1.5,Anaerobic Digestion,Thornton/Drax/Eggborough,0.0,1.0,1.0,1.0
Metheringham Heath (Farm AD),Anaerobic Digestion,6.5,Anaerobic Digestion,Keadby,0.0,1.0,1.0,1.0
Pure Malt Products AD,Anaerobic Digestion,1.5,Anaerobic Digestion,Torness,0.0,1.0,1.0,1.0
Codford Biogas (Waste AD),Anaerobic Digestion,3.7,Anaerobic Digestion,S.W.Penisula,0.0,1.0,1.0,1.0
Bolton Road Waste Treatment and Renewable Energy Facility (Waste AD),Anaerobic Digestion,4.0,Anaerobic Digestion,Th. Marsh/Stocksbridge,0.0,1.0,1.0,1.0
Broughall Fields Farm,Anaerobic Digestion,2.4,Anaerobic Digestion,Deeside,0.0,1.0,1.0,1.0
Cattlegate Farm Biogas (Farm AD),Anaerobic Digestion,1.5,Anaerobic Digestion,London,0.0,1.0,1.0,1.0
GlaxoSmithKline (Waste AD),Anaerobic Digestion,1.0,Anaerobic Digestion,Neilston,0.0,1.0,1.0,1.0
Great Hele Farm AD farm waste,Anaerobic Digestion,1.3,Anaerobic Digestion,S.W.Penisula,0.0,1.0,1.0,1.0
Imperial Park,Anaerobic Digestion,5.1,Anaerobic Digestion,Stella West,0.0,1.0,1.0,1.0
Land Adjacent to Thomas Swan and Co Ltd.,Anaerobic Digestion,1.0,Anaerobic Digestion,Stella West,0.0,1.0,1.0,1.0
North Moor Farm AD Plant (Farm AD),Anaerobic Digestion,4.0,Anaerobic Digestion,Keadby,0.0,1.0,1.0,1.0
Sutton Grange AD Plant,Anaerobic Digestion,3.0,Anaerobic Digestion,Keadby,0.0,1.0,1.0,1.0
Wingmoor Farm (Waste AD),Anaerobic Digestion,1.6,Anaerobic Digestion,Feckenham,0.0,1.0,1.0,1.0
Carrington Farm AD,Anaerobic Digestion,3.0,Anaerobic Digestion,Walpole,0.0,1.0,1.0,1.0
West Roucan Farm,Anaerobic Digestion,1.2,Anaerobic Digestion,Harker,0.0,1.0,1.0,1.0
Charlton Lane Eco Park (Waste AD),Anaerobic Digestion,1.7,Anaerobic Digestion,London,0.0,1.0,1.0,1.0
Bourne Park AD (AD),Anaerobic Digestion,1.1,Anaerobic Digestion,S.W.Penisula,0.0,1.0,1.0,1.0
Decoy Farm (Farm AD),Anaerobic Digestion,1.8,Anaerobic Digestion,Walpole,0.0,1.0,1.0,1.0
Allerton Waste Recovery Park (Waste AD),Anaerobic Digestion,1.1,Anaerobic Digestion,Thornton/Drax/Eggborough,0.0,1.0,1.0,1.0
Coursers Farm AD Plant (Waste AD),Anaerobic Digestion,3.0,Anaerobic Digestion,London,0.0,1.0,1.0,1.0
Millerhill AD (Waste AD),Anaerobic Digestion,1.5,Anaerobic Digestion,Torness,0.0,1.0,1.0,1.0
Hogsbrook Farm - Farm AD,Anaerobic Digestion,1.0,Anaerobic Digestion,S.W.Penisula,0.0,1.0,1.0,1.0
Wothersome Grange Farm House AD - crops,Anaerobic Digestion,1.0,Anaerobic Digestion,Thornton/Drax/Eggborough,0.0,1.0,1.0,1.0
Land South East Of Water Treatment Works Bridge End,Anaerobic Digestion,1.5,Anaerobic Digestion,Stella West,0.0,1.0,1.0,1.0
Teeside Green Energy Plant (Waste AD),Anaerobic Digestion,4.8,Anaerobic Digestion,Stella West,0.0,1.0,1.0,1.0
Crowmarsh Battle Farm (Farm AD),Anaerobic Digestion,2.3,Anaerobic Digestion,Bramley,0.0,1.0,1.0,1.0
Salford Refuse Treatment Plant (AD),Anaerobic Digestion,2.0,Anaerobic Digestion,Daines,0.0,1.0,1.0,1.0
Stormy Down (Waste AD),Anaerobic Digestion,3.0,Anaerobic Digestion,Melksham,0.0,1.0,1.0,1.0
British Sugar - Bury,Anaerobic Digestion,5.0,Anaerobic Digestion,Bramford,0.0,1.0,1.0,1.0
Arla Dairy Site,Anaerobic Digestion,5.0,Anaerobic Digestion,Sundon/East Claydon,0.0,1.0,1.0,1.0
Gravel Pit Farm (Resubmission),Anaerobic Digestion,1.0,Anaerobic Digestion,Thornton/Drax/Eggborough,0.0,1.0,1.0,1.0
Bentwaters Park (extension),Anaerobic Digestion,1.8,Anaerobic Digestion,Bramford,0.0,1.0,1.0,1.0
Cardiff Organic Waste Treatment Project (resubmission),Anaerobic Digestion,2.0,Anaerobic Digestion,Melksham,0.0,1.0,1.0,1.0
Swancote Farm,Anaerobic Digestion,1.2,Anaerobic Digestion,Feckenham,0.0,1.0,1.0,1.0
Aspatria Creamery,Anaerobic Digestion,5.0,Anaerobic Digestion,Harker,0.0,1.0,1.0,1.0
Arkleby Mill,Anaerobic Digestion,1.0,Anaerobic Digestion,Harker,0.0,1.0,1.0,1.0
Bromham House Farm,Anaerobic Digestion,1.5,Anaerobic Digestion,Melksham,0.0,1.0,1.0,1.0
Austrey House Farm,Anaerobic Digestion,1.5,Anaerobic Digestion,Ratcliffe,0.0,1.0,1.0,1.0
Morayhill AD,Anaerobic Digestion,2.0,Anaerobic Digestion,Beauly,0.0,1.0,1.0,1.0
Brocklesby - Crosslands Lane,Anaerobic Digestion,3.5,Anaerobic Digestion,Thornton/Drax/Eggborough,0.0,1.0,1.0,1.0
Willand AD,Anaerobic Digestion,2.0,Anaerobic Digestion,S.W.Penisula,0.0,1.0,1.0,1.0
Wigley Farm,Anaerobic Digestion,1.1,Anaerobic Digestion,Feckenham,0.0,1.0,1.0,1.0
Bentwaters Park,Anaerobic Digestion,2.0,Anaerobic Digestion,Bramford,0.0,1.0,1.0,1.0
Land at Lostock Works (Northwich Facility),Anaerobic Digestion,5.0,Anaerobic Digestion,Daines,0.0,1.0,1.0,1.0
Inchdairnie,Anaerobic Digestion,2.0,Anaerobic Digestion,Denny/Bonnybridge,0.0,1.0,1.0,1.0
Binn Farm AD (extension),Anaerobic Digestion,1.5,Anaerobic Digestion,Denny/Bonnybridge,0.0,1.0,1.0,1.0
Dean Group Business Park - Hartlepool,Anaerobic Digestion,5.1,Anaerobic Digestion,Stella West,0.0,1.0,1.0,1.0
Basingstoke Sewage Treatment Works,Anaerobic Digestion,1.2,Anaerobic Digestion,Bramley,0.0,1.0,1.0,1.0
Knostrop Sewage Treatment Works,Anaerobic Digestion,4.0,Anaerobic Digestion,Thornton/Drax/Eggborough,0.0,1.0,1.0,1.0
"The Nurseries, Green Tye",Anaerobic Digestion,1.2,Anaerobic Digestion,Pelham,0.0,1.0,1.0,1.0
Pengelly Barton Farm,Anaerobic Digestion,1.0,Anaerobic Digestion,S.W.Penisula,0.0,1.0,1.0,1.0
Enfield Farm,Anaerobic Digestion,2.0,Anaerobic Digestion,S.W.Penisula,0.0,1.0,1.0,1.0
Gelliargwellt Uchaf Farm AD,Anaerobic Digestion,1.4,Anaerobic Digestion,Melksham,0.0,1.0,1.0,1.0
Swindon Sewerage Treatment Works,Anaerobic Digestion,1.2,Anaerobic Digestion,Melksham,0.0,1.0,1.0,1.0
Rye Meads Sewerage Treatment Works,Anaerobic Digestion,2.3,Anaerobic Digestion,Pelham,0.0,1.0,1.0,1.0
Deephams Sewerage Treatment Works,Anaerobic Digestion,3.0,Anaerobic Digestion,London,0.0,1.0,1.0,1.0
Station Works AD,Anaerobic Digestion,1.0,Anaerobic Digestion,Pelham,0.0,1.0,1.0,1.0
Mepal CHP,Anaerobic Digestion,14.4,Anaerobic Digestion,Walpole,0.0,1.0,1.0,1.0
Broadley Copse,Anaerobic Digestion,2.2,Anaerobic Digestion,Lovedean,0.0,1.0,1.0,1.0
Greenhill Anaerobic Digestion Plant,Anaerobic Digestion,1.0,Anaerobic Digestion,Lovedean,0.0,1.0,1.0,1.0
Glenfiddich Distillery,Anaerobic Digestion,1.5,Anaerobic Digestion,Peterhead,0.0,1.0,1.0,1.0
Plusterwine House - Anaerobic Digestion Plant (Retrospective),Anaerobic Digestion,1.5,Anaerobic Digestion,Melksham,0.0,1.0,1.0,1.0
Ferrybridge Multifuel 1 (FM1),EfW Incineration,68.0,EfW Incineration,Thornton/Drax/Eggborough,0.0,1.0,1.0,0.36
Dudley EfW,EfW Incineration,7.4,EfW Incineration,Feckenham,0.0,1.0,1.0,0.36
Wolverhampton EfW,EfW Incineration,8.0,EfW Incineration,Feckenham,0.0,1.0,1.0,0.36
Stoke-on-Trent EfW,EfW Incineration,14.2,EfW Incineration,Daines,0.0,1.0,1.0,0.36
Tyseley ERF,EfW Incineration,30.0,EfW Incineration,Feckenham,0.0,1.0,1.0,0.36
Haverton Hill Incinerator,EfW Incineration,20.1,EfW Incineration,Stella West,0.0,1.0,1.0,0.36
"Fibrepower, Slough",EfW Incineration,50.0,EfW Incineration,London,0.0,1.0,1.0,0.36
Chineham ERF,EfW Incineration,8.0,EfW Incineration,Bramley,0.0,1.0,1.0,0.36
Marchwood ERF,EfW Incineration,16.0,EfW Incineration,Lovedean,0.0,1.0,1.0,0.36
Vine Street EfW,EfW Incineration,9.5,EfW Incineration,Th. Marsh/Stocksbridge,0.0,1.0,1.0,0.36
Newlincs EfW,EfW Incineration,3.2,EfW Incineration,Keadby,0.0,1.0,1.0,0.36
Trackwork Limited (EfW),EfW Incineration,3.0,EfW Incineration,Th. Marsh/Stocksbridge,0.0,1.0,1.0,0.36
Riverside Resource Recovery Facility (RRRF),EfW Incineration,72.0,EfW Incineration,London,0.0,1.0,1.0,0.36
Lakeside EfW,EfW Incineration,30.0,EfW Incineration,London,0.0,1.0,1.0,0.36
Baldovie,EfW Incineration,8.3,EfW Incineration,Denny/Bonnybridge,0.0,1.0,1.0,0.36
Allington EFW,EfW Incineration,51.0,EfW Incineration,Kemsley,0.0,1.0,1.0,0.36
Coventry,EfW Incineration,4.5,EfW Incineration,Feckenham,0.0,1.0,1.0,0.36
Ardwick Railway Goods Yard Incinerator (Newhaven EFW Plant),EfW Incineration,33.5,EfW Incineration,Daines,0.0,1.0,1.0,0.36
Bolton TRF,EfW Incineration,10.8,EfW Incineration,Daines,0.0,1.0,1.0,0.36
North Quay ERF,EfW Incineration,18.3,EfW Incineration,Lovedean,0.0,1.0,1.0,0.36
Sheffield ERF,EfW Incineration,19.3,EfW Incineration,Th. Marsh/Stocksbridge,0.0,1.0,1.0,0.36
Peterborough EfW,EfW Incineration,7.3,EfW Incineration,Walpole,0.0,1.0,1.0,0.36
Battlefield EfW,EfW Incineration,8.0,EfW Incineration,Deeside,0.0,1.0,1.0,0.36
Four Ashes EfW,EfW Incineration,23.0,EfW Incineration,Feckenham,0.0,1.0,1.0,0.36
Cornwall ERC,EfW Incineration,20.0,EfW Incineration,S.W.Penisula,0.0,1.0,1.0,0.36
Severnside Energy Recovery Centre,EfW Incineration,32.0,EfW Incineration,Melksham,0.0,1.0,1.0,0.36
Trident Park,EfW Incineration,30.0,EfW Incineration,Melksham,0.0,1.0,1.0,0.36
Lincoln EFW,EfW Incineration,16.4,EfW Incineration,Keadby,0.0,1.0,1.0,0.36
North East Energy Recovery Centre (adjacent to Teesside EfW),EfW Incineration,21.0,EfW Incineration,Stella West,0.0,1.0,1.0,0.36
Wilton 11 EfW,EfW Incineration,49.0,EfW Incineration,Stella West,0.0,1.0,1.0,0.36
Runcorn EfW,EfW Incineration,100.0,EfW Incineration,Deeside,0.0,1.0,1.0,0.36
Cross Green ERF,EfW Incineration,11.6,EfW Incineration,Thornton/Drax/Eggborough,0.0,1.0,1.0,0.36
Exeter EfW,EfW Incineration,13.0,EfW Incineration,S.W.Penisula,0.0,1.0,1.0,0.36
North Yard EfW,EfW Incineration,22.5,EfW Incineration,S.W.Penisula,0.0,1.0,1.0,0.36
Allerton Waste Recovery Park (EfW),EfW Incineration,27.0,EfW Incineration,Thornton/Drax/Eggborough,0.0,1.0,1.0,0.36
Ardley EfW,EfW Incineration,24.0,EfW Incineration,Sundon/East Claydon,0.0,1.0,1.0,0.36
Greatmoor EfW,EfW Incineration,22.0,EfW Incineration,Sundon/East Claydon,0.0,1.0,1.0,0.36
Twinwoods Heat & Power CHP,EfW Incineration,3.4,EfW Incineration,Sundon/East Claydon,0.0,1.0,1.0,0.36
Great Blakenham EfW,EfW Incineration,20.0,EfW Incineration,Bramford,0.0,1.0,1.0,0.36
EnviRecover,EfW Incineration,15.5,EfW Incineration,Feckenham,0.0,1.0,1.0,0.36
Fawley Waste to Energy Plant,EfW Incineration,8.6,EfW Incineration,Lovedean,0.0,1.0,1.0,0.36
Portsmouth ERF,EfW Incineration,14.0,EfW Incineration,Lovedean,0.0,1.0,1.0,0.36
Edmonton EcoPark EfW,EfW Incineration,55.0,EfW Incineration,London,0.0,1.0,1.0,0.36
Teesside EfW,EfW Incineration,19.2,EfW Incineration,Stella West,0.0,1.0,1.0,0.36
Teesside EfW (extension),EfW Incineration,10.0,EfW Incineration,Stella West,0.0,1.0,1.0,0.36
SELCHP ERF,EfW Incineration,35.0,EfW Incineration,London,0.0,1.0,1.0,0.36
Eastcroft EfW (Lines 1 & 2),EfW Incineration,9.0,EfW Incineration,Ratcliffe,0.0,1.0,1.0,0.36
Bellhouse Pit Landfill Scheme,Landfill Gas,2.7,Landfill Gas,Bramford,0.0,1.0,1.0,1.0
Sandy Lane Landfill Scheme,Landfill Gas,2.3,Landfill Gas,London,0.0,1.0,1.0,1.0
Brazier Landfill Scheme,Landfill Gas,3.9,Landfill Gas,Pelham,0.0,1.0,1.0,1.0
Lackford Landfill Scheme,Landfill Gas,1.2,Landfill Gas,Bramford,0.0,1.0,1.0,1.0
Attlebridge Landfill Site,Landfill Gas,1.3,Landfill Gas,Walpole,0.0,1.0,1.0,1.0
Aveley Landfill Scheme,Landfill Gas,2.1,Landfill Gas,London,0.0,1.0,1.0,1.0
Elstow Landfill Site,Landfill Gas,1.8,Landfill Gas,Sundon/East Claydon,0.0,1.0,1.0,1.0
Ongar Landfill Scheme 2,Landfill Gas,1.8,Landfill Gas,Pelham,0.0,1.0,1.0,1.0
Sundon Landfill Site,Landfill Gas,2.6,Landfill Gas,Sundon/East Claydon,0.0,1.0,1.0,1.0
Aveley,Landfill Gas,1.2,Landfill Gas,London,0.0,1.0,1.0,1.0
Brogborough Phase III,Landfill Gas,11.0,Landfill Gas,Sundon/East Claydon,0.0,1.0,1.0,1.0
Brogborough Phase IV,Landfill Gas,11.0,Landfill Gas,Sundon/East Claydon,0.0,1.0,1.0,1.0
Ockendon Area III,Landfill Gas,8.5,Landfill Gas,London,0.0,1.0,1.0,1.0
Station Farm Landfill Scheme,Landfill Gas,2.0,Landfill Gas,Pelham,0.0,1.0,1.0,1.0
Rainham Phase II,Landfill Gas,17.0,Landfill Gas,London,0.0,1.0,1.0,1.0
Masons Power Plant Landfill Scheme,Landfill Gas,5.5,Landfill Gas,Bramford,0.0,1.0,1.0,1.0
Ockendon 'B' Landfill Scheme,Landfill Gas,4.5,Landfill Gas,London,0.0,1.0,1.0,1.0
L'Field Stewartby Landfill Site,Landfill Gas,10.7,Landfill Gas,Sundon/East Claydon,0.0,1.0,1.0,1.0
Dogsthorpe South Landfill Site,Landfill Gas,1.9,Landfill Gas,Walpole,0.0,1.0,1.0,1.0
Foxhall Landfill Site,Landfill Gas,1.2,Landfill Gas,Bramford,0.0,1.0,1.0,1.0
Cotesbach Landfill Gas Project,Landfill Gas,2.3,Landfill Gas,Ratcliffe,0.0,1.0,1.0,1.0
Portley Ford Landfill Site,Landfill Gas,1.8,Landfill Gas,Ratcliffe,0.0,1.0,1.0,1.0
Glapwell,Landfill Gas,1.2,Landfill Gas,Th. Marsh/Stocksbridge,0.0,1.0,1.0,1.0
Colsterworth Landfill Gas Project,Landfill Gas,2.6,Landfill Gas,Ratcliffe,0.0,1.0,1.0,1.0
Bradgate Quarry Landfill Gas Scheme,Landfill Gas,2.5,Landfill Gas,Ratcliffe,0.0,1.0,1.0,1.0
Burntstump Landfill Scheme,Landfill Gas,1.8,Landfill Gas,Ratcliffe,0.0,1.0,1.0,1.0
Judkins Landfill Scheme,Landfill Gas,2.7,Landfill Gas,Feckenham,0.0,1.0,1.0,1.0
Warren Quarry Landfill Gas Scheme,Landfill Gas,1.9,Landfill Gas,Ratcliffe,0.0,1.0,1.0,1.0
Kilsby Landfill Scheme,Landfill Gas,1.0,Landfill Gas,Feckenham,0.0,1.0,1.0,1.0
Bletchley Phase II,Landfill Gas,2.2,Landfill Gas,Sundon/East Claydon,0.0,1.0,1.0,1.0
Calvert Phase II,Landfill Gas,11.2,Landfill Gas,Sundon/East Claydon,0.0,1.0,1.0,1.0
Weldon Phase 1 and 2,Landfill Gas,4.0,Landfill Gas,Ratcliffe,0.0,1.0,1.0,1.0
Enderby Warren Phase II,Landfill Gas,4.9,Landfill Gas,Ratcliffe,0.0,1.0,1.0,1.0
Waverley Wood II,Landfill Gas,2.4,Landfill Gas,Feckenham,0.0,1.0,1.0,1.0
Glapwell Power,Landfill Gas,2.0,Landfill Gas,Th. Marsh/Stocksbridge,0.0,1.0,1.0,1.0
Judkins Landfill Site Phase 3,Landfill Gas,1.2,Landfill Gas,Feckenham,0.0,1.0,1.0,1.0
Pen y Bont,Landfill Gas,2.3,Landfill Gas,Deeside,0.0,1.0,1.0,1.0
Ruabon,Landfill Gas,2.1,Landfill Gas,Deeside,0.0,1.0,1.0,1.0
Maw Green Landfill Site,Landfill Gas,1.6,Landfill Gas,Daines,0.0,1.0,1.0,1.0
Gowy Landfill Site,Landfill Gas,1.6,Landfill Gas,Deeside,0.0,1.0,1.0,1.0
Arpley Landfill Scheme 'A',Landfill Gas,7.9,Landfill Gas,Daines,0.0,1.0,1.0,1.0
Holiday Moss Landfill Gas Scheme,Landfill Gas,2.9,Landfill Gas,Penwortham,0.0,1.0,1.0,1.0
Arpley Landfill Scheme 'B',Landfill Gas,7.9,Landfill Gas,Daines,0.0,1.0,1.0,1.0
Bromborough Dock Landfill Scheme,Landfill Gas,3.0,Landfill Gas,Deeside,0.0,1.0,1.0,1.0
Bidston Moss Landfill Scheme,Landfill Gas,2.3,Landfill Gas,Deeside,0.0,1.0,1.0,1.0
Llandulas Landfill Scheme,Landfill Gas,2.9,Landfill Gas,Deeside,0.0,1.0,1.0,1.0
Holiday Moss Gas to Energy II,Landfill Gas,1.4,Landfill Gas,Penwortham,0.0,1.0,1.0,1.0
Himley Wood Landfill Site,Landfill Gas,4.4,Landfill Gas,Feckenham,0.0,1.0,1.0,1.0
Hill and Moor Landfill Scheme,Landfill Gas,3.4,Landfill Gas,Feckenham,0.0,1.0,1.0,1.0
Edwin Richards Landfill Scheme,Landfill Gas,1.8,Landfill Gas,Feckenham,0.0,1.0,1.0,1.0
Candles/Coalmoor Landfill,Landfill Gas,2.9,Landfill Gas,Feckenham,0.0,1.0,1.0,1.0
Packington Generation Plant Phase 3,Landfill Gas,8.5,Landfill Gas,Feckenham,0.0,1.0,1.0,1.0
Sandy Lane Generation Plant,Landfill Gas,2.0,Landfill Gas,Feckenham,0.0,1.0,1.0,1.0
Meece Landfill,Landfill Gas,1.3,Landfill Gas,Daines,0.0,1.0,1.0,1.0
Granville Landfill Site,Landfill Gas,1.4,Landfill Gas,Feckenham,0.0,1.0,1.0,1.0
PG1-Coxhoe Waste Disposal Site,Landfill Gas,3.8,Landfill Gas,Stella West,0.0,1.0,1.0,1.0
PG2 Bolam Power Generation,Landfill Gas,1.0,Landfill Gas,Stella West,0.0,1.0,1.0,1.0
Kibblesworth Landfill Site,Landfill Gas,2.3,Landfill Gas,Stella West,0.0,1.0,1.0,1.0
PG4 St Bedes Power Generation,Landfill Gas,2.0,Landfill Gas,Stella West,0.0,1.0,1.0,1.0
Seghill Village Waste Disposal Site phase 1 and 2,Landfill Gas,4.1,Landfill Gas,Stella West,0.0,1.0,1.0,1.0
Distington Landfill,Landfill Gas,1.8,Landfill Gas,Harker,0.0,1.0,1.0,1.0
Shearman Field,Landfill Gas,1.9,Landfill Gas,Harker,0.0,1.0,1.0,1.0
Danes Moss Landfill Site,Landfill Gas,1.6,Landfill Gas,Daines,0.0,1.0,1.0,1.0
Pilsworth Quarry Landfill Scheme,Landfill Gas,4.1,Landfill Gas,Daines,0.0,1.0,1.0,1.0
Risley '4' Landfill Scheme,Landfill Gas,5.9,Landfill Gas,Daines,0.0,1.0,1.0,1.0
Billinge Hill Quarry Landfill Scheme,Landfill Gas,1.0,Landfill Gas,Penwortham,0.0,1.0,1.0,1.0
Whinney Hill II Energy,Landfill Gas,1.8,Landfill Gas,Penwortham,0.0,1.0,1.0,1.0
Deerplay Landfill Site,Landfill Gas,2.0,Landfill Gas,Penwortham,0.0,1.0,1.0,1.0
Butchersfield Landfill Site,Landfill Gas,3.0,Landfill Gas,Daines,0.0,1.0,1.0,1.0
Shelford Landfill Scheme,Landfill Gas,1.9,Landfill Gas,Sellindge,0.0,1.0,1.0,1.0
Beddingham 'B' Landfill Scheme,Landfill Gas,7.5,Landfill Gas,Lovedean,0.0,1.0,1.0,1.0
Stangate Landfill Site,Landfill Gas,4.5,Landfill Gas,Kemsley,0.0,1.0,1.0,1.0
Offham Landfill Site Phase II,Landfill Gas,1.2,Landfill Gas,Kemsley,0.0,1.0,1.0,1.0
Shelford Generation Plant II,Landfill Gas,8.0,Landfill Gas,Sellindge,0.0,1.0,1.0,1.0
Brookhurst Wood Gas to Energy,Landfill Gas,5.1,Landfill Gas,London,0.0,1.0,1.0,1.0
Horton Landfill Site,Landfill Gas,2.0,Landfill Gas,Lovedean,0.0,1.0,1.0,1.0
Whites Landfill Site (Canford),Landfill Gas,6.0,Landfill Gas,S.W.Penisula,0.0,1.0,1.0,1.0
Ardley Fields Farm Landfill Site,Landfill Gas,1.8,Landfill Gas,Sundon/East Claydon,0.0,1.0,1.0,1.0
Compton Bassett Landfill,Landfill Gas,2.0,Landfill Gas,Melksham,0.0,1.0,1.0,1.0
Sutton Courtenay Landfill Scheme,Landfill Gas,5.6,Landfill Gas,Bramley,0.0,1.0,1.0,1.0
Chapel Farm Landfill,Landfill Gas,3.0,Landfill Gas,Melksham,0.0,1.0,1.0,1.0
Dimmer Landfill Gas Scheme,Landfill Gas,2.3,Landfill Gas,S.W.Penisula,0.0,1.0,1.0,1.0
Dimmer Landfill Site,Landfill Gas,1.9,Landfill Gas,S.W.Penisula,0.0,1.0,1.0,1.0
Farnham Landfill,Landfill Gas,2.4,Landfill Gas,Bramley,0.0,1.0,1.0,1.0
Sutton Courtney,Landfill Gas,6.0,Landfill Gas,Bramley,0.0,1.0,1.0,1.0
Lidsey Landfill,Landfill Gas,1.4,Landfill Gas,Lovedean,0.0,1.0,1.0,1.0
Norlands Lane Landfill Site,Landfill Gas,2.7,Landfill Gas,London,0.0,1.0,1.0,1.0
Westbury Landfill Scheme,Landfill Gas,1.1,Landfill Gas,Melksham,0.0,1.0,1.0,1.0
Paulsgrove Landfill Site,Landfill Gas,2.4,Landfill Gas,Lovedean,0.0,1.0,1.0,1.0
Wapsey's Wood II Landfill Site,Landfill Gas,1.0,Landfill Gas,London,0.0,1.0,1.0,1.0
Silent Valley Landfill Scheme,Landfill Gas,2.7,Landfill Gas,Melksham,0.0,1.0,1.0,1.0
Briton Ferry,Landfill Gas,2.0,Landfill Gas,Melksham,0.0,1.0,1.0,1.0
Withyhedge Generation Plant,Landfill Gas,2.4,Landfill Gas,Melksham,0.0,1.0,1.0,1.0
Tythegston Landfill Site,Landfill Gas,1.2,Landfill Gas,Melksham,0.0,1.0,1.0,1.0
Briton / Neath,Landfill Gas,2.2,Landfill Gas,Melksham,0.0,1.0,1.0,1.0
Lamby Way Landfill Site,Landfill Gas,4.0,Landfill Gas,Melksham,0.0,1.0,1.0,1.0
Nant y Caws Landfill Site,Landfill Gas,1.4,Landfill Gas,Melksham,0.0,1.0,1.0,1.0
Deep Moor Gas to Energy,Landfill Gas,2.0,Landfill Gas,S.W.Penisula,0.0,1.0,1.0,1.0
Chelson Meadow Gas to Energy Scheme,Landfill Gas,1.8,Landfill Gas,S.W.Penisula,0.0,1.0,1.0,1.0
United Mines Landfill Scheme,Landfill Gas,3.0,Landfill Gas,S.W.Penisula,0.0,1.0,1.0,1.0
Poole Generation Plant,Landfill Gas,2.4,Landfill Gas,S.W.Penisula,0.0,1.0,1.0,1.0
Walpole Landfill,Landfill Gas,1.6,Landfill Gas,S.W.Penisula,0.0,1.0,1.0,1.0
Bootham Lane,Landfill Gas,1.2,Landfill Gas,Keadby,0.0,1.0,1.0,1.0
Parkwood Landfill Scheme,Landfill Gas,1.2,Landfill Gas,Th. Marsh/Stocksbridge,0.0,1.0,1.0,1.0
Immingham Landfill Scheme,Landfill Gas,1.0,Landfill Gas,Keadby,0.0,1.0,1.0,1.0
Immingham,Landfill Gas,2.0,Landfill Gas,Keadby,0.0,1.0,1.0,1.0
Skelbrooke Landfill Gas Project,Landfill Gas,2.1,Landfill Gas,Th. Marsh/Stocksbridge,0.0,1.0,1.0,1.0
Soothills Landfill,Landfill Gas,1.0,Landfill Gas,Th. Marsh/Stocksbridge,0.0,1.0,1.0,1.0
Roxby Gas to Energy,Landfill Gas,8.5,Landfill Gas,Keadby,0.0,1.0,1.0,1.0
Winterton Landfill Site,Landfill Gas,3.8,Landfill Gas,Keadby,0.0,1.0,1.0,1.0
Pitsea Tipp,Landfill Gas,14.0,Landfill Gas,Kemsley,0.0,1.0,1.0,1.0
Queens Park Energy,Landfill Gas,1.9,Landfill Gas,Penwortham,0.0,1.0,1.0,1.0
Highfields South Landfill Gas,Landfill Gas,1.0,Landfill Gas,Feckenham,0.0,1.0,1.0,1.0
Black Dog,Landfill Gas,2.2,Landfill Gas,Peterhead,0.0,1.0,1.0,1.0
Bootham Lane Phase 2,Landfill Gas,1.4,Landfill Gas,Keadby,0.0,1.0,1.0,1.0
Westmill Qaurry,Landfill Gas,2.6,Landfill Gas,Pelham,0.0,1.0,1.0,1.0
St Day II,Landfill Gas,2.0,Landfill Gas,S.W.Penisula,0.0,1.0,1.0,1.0
Connon Bridge Landfill,Landfill Gas,1.0,Landfill Gas,S.W.Penisula,0.0,1.0,1.0,1.0
Rowley,Landfill Gas,1.9,Landfill Gas,Penwortham,0.0,1.0,1.0,1.0
Withnell LFS,Landfill Gas,2.3,Landfill Gas,Penwortham,0.0,1.0,1.0,1.0
Lune Power,Landfill Gas,2.0,Landfill Gas,Penwortham,0.0,1.0,1.0,1.0
Rossendale Power,Landfill Gas,1.6,Landfill Gas,Penwortham,0.0,1.0,1.0,1.0
Dogsthorpe South Landfill Site 2,Landfill Gas,1.4,Landfill Gas,Walpole,0.0,1.0,1.0,1.0
Avondale,Landfill Gas,4.0,Landfill Gas,Strathaven,0.0,1.0,1.0,1.0
Springfield Farm,Landfill Gas,1.4,Landfill Gas,London,0.0,1.0,1.0,1.0
Danes Moss Landfill Site (Extension),Landfill Gas,2.0,Landfill Gas,Daines,0.0,1.0,1.0,1.0
Sands Farm Quarry Landfill Site,Landfill Gas,3.5,Landfill Gas,Melksham,0.0,1.0,1.0,1.0
Squabb Wood,Landfill Gas,1.0,Landfill Gas,Lovedean,0.0,1.0,1.0,1.0
Wooton,Landfill Gas,2.0,Landfill Gas,Sundon/East Claydon,0.0,1.0,1.0,1.0
Clifton Hall,Landfill Gas,1.0,Landfill Gas,Daines,0.0,1.0,1.0,1.0
Chapman's Well,Landfill Gas,1.0,Landfill Gas,Stella West,0.0,1.0,1.0,1.0
Mark's Quarry,Landfill Gas,1.0,Landfill Gas,Stella West,0.0,1.0,1.0,1.0
Former Pluckley Landfill Site,Landfill Gas,1.0,Landfill Gas,Kemsley,0.0,1.0,1.0,1.0
Horncliffe Quarry (Extension),Landfill Gas,1.0,Landfill Gas,Penwortham,0.0,1.0,1.0,1.0
Skibeden,Landfill Gas,2.0,Landfill Gas,Penwortham,0.0,1.0,1.0,1.0
Ugley,Landfill Gas,1.1,Landfill Gas,Pelham,0.0,1.0,1.0,1.0
Waresley Landfill Site,Landfill Gas,1.6,Landfill Gas,Feckenham,0.0,1.0,1.0,1.0
Whiteparish,Landfill Gas,1.1,Landfill Gas,S.W.Penisula,0.0,1.0,1.0,1.0
Broockhurst Wood,Landfill Gas,2.0,Landfill Gas,Bramley,0.0,1.0,1.0,1.0
Bromborough Dock,Landfill Gas,3.7,Landfill Gas,Deeside,0.0,1.0,1.0,1.0
"Maw Green Landfill Site, Cheshire (Extension)",Landfill Gas,2.0,Landfill Gas,Daines,0.0,1.0,1.0,1.0
"Gowy Landfill Site, Cheshire (Extension)",Landfill Gas,6.0,Landfill Gas,Deeside,0.0,1.0,1.0,1.0
PG4 St Bedes Power Generation (Extension),Landfill Gas,2.0,Landfill Gas,Stella West,0.0,1.0,1.0,1.0
Sutton Landfill Site,Landfill Gas,3.0,Landfill Gas,Ratcliffe,0.0,1.0,1.0,1.0
PG4 St Bedes Power Generation (Extension 2),Landfill Gas,1.0,Landfill Gas,Stella West,0.0,1.0,1.0,1.0
Arlesey Landfill Site,Landfill Gas,1.1,Landfill Gas,Sundon/East Claydon,0.0,1.0,1.0,1.0
Brynpica Landfill Site,Landfill Gas,2.7,Landfill Gas,Melksham,0.0,1.0,1.0,1.0
Southleigh Landfill,Landfill Gas,3.5,Landfill Gas,Lovedean,0.0,1.0,1.0,1.0
Heathfield 'A' Landfill,Landfill Gas,2.0,Landfill Gas,S.W.Penisula,0.0,1.0,1.0,1.0
Ongar Landfill Scheme,Landfill Gas,1.0,Landfill Gas,Pelham,0.0,1.0,1.0,1.0
PG2 Bolam Power Generator (Extension),Landfill Gas,1.1,Landfill Gas,Stella West,0.0,1.0,1.0,1.0
Garlaff Landfill (Extension),Landfill Gas,3.0,Landfill Gas,Neilston,0.0,1.0,1.0,1.0
Milton Landfill Site,Landfill Gas,2.0,Landfill Gas,Pelham,0.0,1.0,1.0,1.0
Risley Sets 13 & 14,Landfill Gas,2.1,Landfill Gas,Daines,0.0,1.0,1.0,1.0
Path Head,Landfill Gas,1.0,Landfill Gas,Stella West,0.0,1.0,1.0,1.0
Oatslie Landfill Gas,Landfill Gas,2.0,Landfill Gas,Torness,0.0,1.0,1.0,1.0
Weston Landfill Site,Landfill Gas,2.0,Landfill Gas,Sundon/East Claydon,0.0,1.0,1.0,1.0
West Mill,Landfill Gas,2.5,Landfill Gas,Pelham,0.0,1.0,1.0,1.0
Skelton Grange Landfill,Landfill Gas,5.2,Landfill Gas,Thornton/Drax/Eggborough,0.0,1.0,1.0,1.0
Houghton-le-Spring Landfill Site,Landfill Gas,3.0,Landfill Gas,Stella West,0.0,1.0,1.0,1.0
Barkip Landfill Site,Landfill Gas,1.2,Landfill Gas,Neilston,0.0,1.0,1.0,1.0
Lochhead,Landfill Gas,2.0,Landfill Gas,Denny/Bonnybridge,0.0,1.0,1.0,1.0
Kaimes Landfill Site,Landfill Gas,2.4,Landfill Gas,Denny/Bonnybridge,0.0,1.0,1.0,1.0
Greengairs Landfill Scheme Phase VI,Landfill Gas,2.2,Landfill Gas,Strathaven,0.0,1.0,1.0,1.0
Auchencarroch Landfill,Landfill Gas,2.1,Landfill Gas,Neilston,0.0,1.0,1.0,1.0
Greenoakhill,Landfill Gas,3.9,Landfill Gas,Neilston,0.0,1.0,1.0,1.0
Garlaff Landfill,Landfill Gas,1.3,Landfill Gas,Neilston,0.0,1.0,1.0,1.0
Tarbothill Landfill Site,Landfill Gas,2.2,Landfill Gas,Peterhead,0.0,1.0,1.0,1.0
Greengairs Landfill Scheme Phase III,Landfill Gas,2.0,Landfill Gas,Strathaven,0.0,1.0,1.0,1.0
Greengairs Landfill Scheme Phase IV,Landfill Gas,2.0,Landfill Gas,Strathaven,0.0,1.0,1.0,1.0
Greengairs Landfill Scheme Phase I,Landfill Gas,1.9,Landfill Gas,Strathaven,0.0,1.0,1.0,1.0
Greengairs Landfill Scheme Phase II,Landfill Gas,1.9,Landfill Gas,Strathaven,0.0,1.0,1.0,1.0
West Quarry,Landfill Gas,4.5,Landfill Gas,Penwortham,0.0,1.0,1.0,1.0
Lower Melville Wood,Landfill Gas,1.0,Landfill Gas,Denny/Bonnybridge,0.0,1.0,1.0,1.0
Bennett Bank Landfill Site (lfg),Landfill Gas,2.2,Landfill Gas,Penwortham,0.0,1.0,1.0,1.0
Efford Landfill (Newmilton),Landfill Gas,2.8,Landfill Gas,S.W.Penisula,0.0,1.0,1.0,1.0
Betton Abbots,Landfill Gas,1.3,Landfill Gas,Deeside,0.0,1.0,1.0,1.0
Burnhills Landfill Scheme (L4),Landfill Gas,1.5,Landfill Gas,Stella West,0.0,1.0,1.0,1.0
Brenkley Landfill,Landfill Gas,1.9,Landfill Gas,Stella West,0.0,1.0,1.0,1.0
Burnhills Landfill (L5),Landfill Gas,3.8,Landfill Gas,Stella West,0.0,1.0,1.0,1.0
Clifton Marsh Energy,Landfill Gas,3.3,Landfill Gas,Penwortham,0.0,1.0,1.0,1.0
Ulnes Walton Energy,Landfill Gas,1.3,Landfill Gas,Penwortham,0.0,1.0,1.0,1.0
Jameson Road,Landfill Gas,4.3,Landfill Gas,Penwortham,0.0,1.0,1.0,1.0
Scouthead Power Plant,Landfill Gas,2.9,Landfill Gas,Daines,0.0,1.0,1.0,1.0
Runfold Landfill,Landfill Gas,1.2,Landfill Gas,Bramley,0.0,1.0,1.0,1.0
Narborough Landfill,Landfill Gas,2.7,Landfill Gas,Ratcliffe,0.0,1.0,1.0,1.0
Lount/Smoile,Landfill Gas,1.1,Landfill Gas,Ratcliffe,0.0,1.0,1.0,1.0
Sidegate Lane,Landfill Gas,2.4,Landfill Gas,Sundon/East Claydon,0.0,1.0,1.0,1.0
Godmanchester,Landfill Gas,3.0,Landfill Gas,Pelham,0.0,1.0,1.0,1.0
Binn Landfill,Landfill Gas,1.9,Landfill Gas,Denny/Bonnybridge,0.0,1.0,1.0,1.0
Auchinlea Landfill Site,Landfill Gas,2.3,Landfill Gas,Strathaven,0.0,1.0,1.0,1.0
Ufton,Landfill Gas,1.0,Landfill Gas,Feckenham,0.0,1.0,1.0,1.0
Wilnecote Landfill Site,Landfill Gas,1.0,Landfill Gas,Feckenham,0.0,1.0,1.0,1.0
Pebsham,Landfill Gas,3.0,Landfill Gas,Sellindge,0.0,1.0,1.0,1.0
Redhill 2,Landfill Gas,3.0,Landfill Gas,London,0.0,1.0,1.0,1.0
Shakespeare Farm Landfill Site,Landfill Gas,1.0,Landfill Gas,Kemsley,0.0,1.0,1.0,1.0
Harn Hill Quarry Landfill Site,Landfill Gas,2.6,Landfill Gas,Melksham,0.0,1.0,1.0,1.0
Beacon Hill,Landfill Gas,3.0,Landfill Gas,S.W.Penisula,0.0,1.0,1.0,1.0
Patteson Court Landfill Site,Landfill Gas,1.8,Landfill Gas,London,0.0,1.0,1.0,1.0
"Rainham Landfill Scheme, Phase I",Landfill Gas,3.9,Landfill Gas,London,0.0,1.0,1.0,1.0
South Cathkin Landfill Site,Landfill Gas,7.4,Landfill Gas,Neilston,0.0,1.0,1.0,1.0
Connon Bridge Landfill Gas Project,Landfill Gas,5.2,Landfill Gas,S.W.Penisula,0.0,1.0,1.0,1.0
Mayton Wood Landfill Site,Landfill Gas,1.5,Landfill Gas,Walpole,0.0,1.0,1.0,1.0
Blackborough End Landfill Site,Landfill Gas,1.5,Landfill Gas,Walpole,0.0,1.0,1.0,1.0
Whinney Hill Waste Disposal Site,Landfill Gas,1.2,Landfill Gas,Penwortham,0.0,1.0,1.0,1.0
Queen's Park Road Energy,Landfill Gas,1.8,Landfill Gas,Penwortham,0.0,1.0,1.0,1.0
Chelson Meadow 2,Landfill Gas,1.4,Landfill Gas,S.W.Penisula,0.0,1.0,1.0,1.0
Costessey Landfill Gas Project 2,Landfill Gas,2.0,Landfill Gas,Bramford,0.0,1.0,1.0,1.0
Summerston Landfill,Landfill Gas,2.8,Landfill Gas,Neilston,0.0,1.0,1.0,1.0
Barling Hall Farm,Landfill Gas,2.4,Landfill Gas,Kemsley,0.0,1.0,1.0,1.0
Bellhouse South,Landfill Gas,3.9,Landfill Gas,Bramford,0.0,1.0,1.0,1.0
Mucking Gas 3 Landfill Scheme,Landfill Gas,3.9,Landfill Gas,Kemsley,0.0,1.0,1.0,1.0
Sidegate Lane Landfill Site,Landfill Gas,1.3,Landfill Gas,Sundon/East Claydon,0.0,1.0,1.0,1.0
Mucking Gas 2 Landfill Scheme,Landfill Gas,3.8,Landfill Gas,Kemsley,0.0,1.0,1.0,1.0
Heathfield 'C' Landfill Scheme,Landfill Gas,2.2,Landfill Gas,S.W.Penisula,0.0,1.0,1.0,1.0
Lincoln Landfill Scheme,Landfill Gas,2.0,Landfill Gas,Keadby,0.0,1.0,1.0,1.0
Bretby Power,Landfill Gas,1.6,Landfill Gas,Ratcliffe,0.0,1.0,1.0,1.0
Bootham Lane Landfill,Landfill Gas,2.7,Landfill Gas,Keadby,0.0,1.0,1.0,1.0
Peckfield Quarry Landfill Scheme,Landfill Gas,3.9,Landfill Gas,Thornton/Drax/Eggborough,0.0,1.0,1.0,1.0
Horncliffe Quarry,Landfill Gas,1.0,Landfill Gas,Penwortham,0.0,1.0,1.0,1.0
Dunlop Landfill Gas Scheme,Landfill Gas,2.4,Landfill Gas,Neilston,0.0,1.0,1.0,1.0
Bonnyrigg,Landfill Gas,2.2,Landfill Gas,Torness,0.0,1.0,1.0,1.0
Salt Ayre,Landfill Gas,4.0,Landfill Gas,Penwortham,0.0,1.0,1.0,1.0
Mountsorrel Landfill Site,Landfill Gas,1.6,Landfill Gas,Ratcliffe,0.0,1.0,1.0,1.0
Fairoak Landfill,Landfill Gas,1.5,Landfill Gas,Lovedean,0.0,1.0,1.0,1.0
Boston Landfill Scheme,Landfill Gas,1.3,Landfill Gas,Walpole,0.0,1.0,1.0,1.0
Trumps Farm Landfill Scheme,Landfill Gas,2.9,Landfill Gas,Bramley,0.0,1.0,1.0,1.0
High Heavens Landfill,Landfill Gas,1.9,Landfill Gas,Bramley,0.0,1.0,1.0,1.0
Docksway Landfill Scheme,Landfill Gas,2.0,Landfill Gas,Melksham,0.0,1.0,1.0,1.0
Cranford,Landfill Gas,1.1,Landfill Gas,Sundon/East Claydon,0.0,1.0,1.0,1.0
Ling Hall 1,Landfill Gas,3.0,Landfill Gas,Feckenham,0.0,1.0,1.0,1.0
Wapsey's Wood III,Landfill Gas,1.0,Landfill Gas,London,0.0,1.0,1.0,1.0
Greengairs Landfill Scheme Phase V,Landfill Gas,2.2,Landfill Gas,Strathaven,0.0,1.0,1.0,1.0
Seamer Carr,Landfill Gas,1.3,Landfill Gas,Thornton/Drax/Eggborough,0.0,1.0,1.0,1.0
Harewood Whin Landfill Site,Landfill Gas,2.4,Landfill Gas,Thornton/Drax/Eggborough,0.0,1.0,1.0,1.0
Lochhead Landfill Scheme,Landfill Gas,2.0,Landfill Gas,Errochty,0.0,1.0,1.0,1.0
Staveley Power,Landfill Gas,2.1,Landfill Gas,Th. Marsh/Stocksbridge,0.0,1.0,1.0,1.0
Albury Landfill,Landfill Gas,1.5,Landfill Gas,Bramley,0.0,1.0,1.0,1.0
Trecatti,Landfill Gas,7.0,Landfill Gas,Melksham,0.0,1.0,1.0,1.0
Gallymoor Landfill,Landfill Gas,2.9,Landfill Gas,Thornton/Drax/Eggborough,0.0,1.0,1.0,1.0
Meadow Hall Power,Landfill Gas,1.1,Landfill Gas,Th. Marsh/Stocksbridge,0.0,1.0,1.0,1.0
Arlesey Landfill Gas (Extension),Landfill Gas,2.3,Landfill Gas,Sundon/East Claydon,0.0,1.0,1.0,1.0
Wapsey's Wood,Landfill Gas,7.5,Landfill Gas,London,0.0,1.0,1.0,1.0
Standen Heath,Landfill Gas,1.5,Landfill Gas,Lovedean,0.0,1.0,1.0,1.0
Risley,Landfill Gas,2.0,Landfill Gas,Daines,0.0,1.0,1.0,1.0
Hitchin,Landfill Gas,1.5,Landfill Gas,Sundon/East Claydon,0.0,1.0,1.0,1.0
Pebsham (Extension),Landfill Gas,1.0,Landfill Gas,Sellindge,0.0,1.0,1.0,1.0
Arden Quarry Landfill,Landfill Gas,3.1,Landfill Gas,Daines,0.0,1.0,1.0,1.0
Capel Landfill,Landfill Gas,1.0,Landfill Gas,London,0.0,1.0,1.0,1.0
Folly Lane,Landfill Gas,1.0,Landfill Gas,Walpole,0.0,1.0,1.0,1.0
Auchencarroch Landfill Extension,Landfill Gas,2.0,Landfill Gas,Neilston,0.0,1.0,1.0,1.0
Rigby Landfill,Landfill Gas,3.0,Landfill Gas,Penwortham,0.0,1.0,1.0,1.0
Stoneyhill Landfill Site,Landfill Gas,4.3,Landfill Gas,Peterhead,0.0,1.0,1.0,1.0
Norlands Lane Landfill Site (Extension),Landfill Gas,4.0,Landfill Gas,London,0.0,1.0,1.0,1.0
Roxwell Landfill Scheme,Landfill Gas,1.3,Landfill Gas,Pelham,0.0,1.0,1.0,1.0
Kirkless Power,Landfill Gas,2.1,Landfill Gas,Penwortham,0.0,1.0,1.0,1.0
Dunbar Power Plant,Landfill Gas,14.0,Landfill Gas,Torness,0.0,1.0,1.0,1.0
Dunbar,Landfill Gas,2.2,Landfill Gas,Torness,0.0,1.0,1.0,1.0
Whitehead Landfill,Landfill Gas,5.3,Landfill Gas,Daines,0.0,1.0,1.0,1.0
Colnbrook Landfill,Landfill Gas,1.9,Landfill Gas,London,0.0,1.0,1.0,1.0
Dorket Head,Landfill Gas,2.8,Landfill Gas,Ratcliffe,0.0,1.0,1.0,1.0
Drummond Moor Landfill,Landfill Gas,2.0,Landfill Gas,Torness,0.0,1.0,1.0,1.0
"Netley Landfill Site, Hampshire (Extension)",Landfill Gas,1.2,Landfill Gas,Lovedean,0.0,1.0,1.0,1.0
Pitsea Landfill Scheme,Landfill Gas,11.6,Landfill Gas,Kemsley,0.0,1.0,1.0,1.0
PwllfaWatkin Landfill Gas Site,Landfill Gas,3.2,Landfill Gas,Melksham,0.0,1.0,1.0,1.0
Scorton,Landfill Gas,1.0,Landfill Gas,Stella West,0.0,1.0,1.0,1.0
Colchester STW,Sewage Sludge Digestion,1.2,Sewage Sludge Digestion,Bramford,0.0,1.0,1.0,1.0
Cardiff Waste Water Treatment,Sewage Sludge Digestion,5.5,Sewage Sludge Digestion,Melksham,0.0,1.0,1.0,1.0
Longreach STW - extension,Sewage Sludge Digestion,1.1,Sewage Sludge Digestion,London,0.0,1.0,1.0,1.0
Riverside Sewage Treatment Works Digestion Plant,Sewage Sludge Digestion,4.0,Sewage Sludge Digestion,London,0.0,1.0,1.0,1.0
Howdon STW,Sewage Sludge Digestion,6.0,Sewage Sludge Digestion,Stella West,0.0,1.0,1.0,1.0
Esholt WWTW,Sewage Sludge Digestion,3.0,Sewage Sludge Digestion,Th. Marsh/Stocksbridge,0.0,1.0,1.0,1.0
Trowbridge Sewage Treatment Works,Sewage Sludge Digestion,1.2,Sewage Sludge Digestion,Melksham,0.0,1.0,1.0,1.0
Crossness Sewage Works,Sewage Sludge Digestion,5.7,Sewage Sludge Digestion,London,0.0,1.0,1.0,1.0
Beckton STW Enhanced Sludge Digestion,Sewage Sludge Digestion,5.8,Sewage Sludge Digestion,London,0.0,1.0,1.0,1.0
Minsworth Sewage Treatment Works,Sewage Sludge Digestion,9.7,Sewage Sludge Digestion,Feckenham,0.0,1.0,1.0,1.0
Slough Sewage Treatment Works,Sewage Sludge Digestion,1.2,Sewage Sludge Digestion,Bramley,0.0,1.0,1.0,1.0
Mogden STW,Sewage Sludge Digestion,5.8,Sewage Sludge Digestion,London,0.0,1.0,1.0,1.0
Wello Penguin Device (Billia Croo - EMEC),Shoreline Wave,1.0,Shoreline Wave,Beauly,0.0,1.0,1.0,1.0
Hayle Wave Hub (Test Site),Shoreline Wave,23.0,Shoreline Wave,S.W.Penisula,0.0,1.0,1.0,1.0
SR-2000 (FoW - EMEC),Tidal Barrage and Tidal Stream,2.0,Tidal Barrage and Tidal Stream,Peterhead,0.0,1.0,1.0,1.0
Inner Sound Phase 1A (MeyGen),Tidal Barrage and Tidal Stream,6.0,Tidal Barrage and Tidal Stream,Peterhead,0.0,1.0,1.0,1.0
Aberthaw Power Station Biomass,Biomass (co-firing),35.0,Biomass (co-firing),Melksham,44.0,1.0,1.0,0.73
Drax Biomass Power Station - Unit 1,Biomass (co-firing),645.0,Biomass (co-firing),Thornton/Drax/Eggborough,44.0,1.0,1.0,0.73
Uskmouth Power Station,Biomass (co-firing),18.0,Biomass (co-firing),Melksham,44.0,1.0,1.0,0.73
Thetford Biomass Power Station,Biomass (dedicated),38.5,Biomass (dedicated),Walpole,44.0,1.0,1.0,0.73
Chilton Energy Plant,Biomass (dedicated),18.0,Biomass (dedicated),Stella West,44.0,1.0,1.0,0.73
Double H Nurseries Biomass Plant,Biomass (dedicated),1.5,Biomass (dedicated),S.W.Penisula,44.0,1.0,1.0,0.73
Beckton STW Biodiesel Power Plant,Biomass (dedicated),8.0,Biomass (dedicated),London,44.0,1.0,1.0,0.73
Buslingthorpe Power Station (Leeds North),Biomass (dedicated),2.0,Biomass (dedicated),Thornton/Drax/Eggborough,44.0,1.0,1.0,0.73
Invergordon Pellet Mill,Biomass (dedicated),5.0,Biomass (dedicated),Beauly,44.0,1.0,1.0,0.73
Caledonian Papermill,Biomass (dedicated),26.0,Biomass (dedicated),Neilston,44.0,1.0,1.0,0.73
Wilton International,Biomass (dedicated),35.2,Biomass (dedicated),Stella West,44.0,1.0,1.0,0.73
South View Farm,Biomass (dedicated),2.0,Biomass (dedicated),Thornton/Drax/Eggborough,44.0,1.0,1.0,0.73
Cowie Biomass Facility,Biomass (dedicated),15.0,Biomass (dedicated),Denny/Bonnybridge,44.0,1.0,1.0,0.73
Thornton Power Station,Biomass (dedicated),9.0,Biomass (dedicated),Penwortham,44.0,1.0,1.0,0.73
Iggesund Paperboard CHP Plant,Biomass (dedicated),49.0,Biomass (dedicated),Harker,44.0,1.0,1.0,0.73
Goosey Lodge Industrial Estate,Biomass (dedicated),16.0,Biomass (dedicated),Sundon/East Claydon,44.0,1.0,1.0,0.73
Western Wood Energy Plant,Biomass (dedicated),14.0,Biomass (dedicated),Melksham,44.0,1.0,1.0,0.73
Eccleshall Biomass,Biomass (dedicated),2.6,Biomass (dedicated),Daines,44.0,1.0,1.0,0.73
Westfield Biomass Power Station,Biomass (dedicated),12.5,Biomass (dedicated),Denny/Bonnybridge,44.0,1.0,1.0,0.73
Derriford Hospital,Biomass (dedicated),1.5,Biomass (dedicated),S.W.Penisula,44.0,1.0,1.0,0.73
Rampton Hospital Energy Centre,Biomass (dedicated),1.2,Biomass (dedicated),Keadby,44.0,1.0,1.0,0.73
Elean Business Park Biomass Plant,Biomass (dedicated),40.0,Biomass (dedicated),Walpole,44.0,1.0,1.0,0.73
Eye Biomass Plant,Biomass (dedicated),14.3,Biomass (dedicated),Bramford,44.0,1.0,1.0,0.73
King's Yard,Biomass (dedicated),3.0,Biomass (dedicated),London,44.0,1.0,1.0,0.73
Ridham CHP Plant,Biomass (dedicated),25.0,Biomass (dedicated),Kemsley,44.0,1.0,1.0,0.73
Margam Green Energy Plant,Biomass (dedicated),40.0,Biomass (dedicated),Melksham,44.0,1.0,1.0,0.73
Lynemouth Power Station,Biomass (dedicated),420.0,Biomass (dedicated),Stella West,44.0,1.0,1.0,0.73
Holbrook Community Renewable Energy Centre,Biomass (dedicated),6.5,Biomass (dedicated),Th. Marsh/Stocksbridge,44.0,1.0,1.0,0.73
Cramlington CHP,Biomass (dedicated),27.7,Biomass (dedicated),Stella West,44.0,1.0,1.0,0.73
Markley Group (Premiere Kitckens) Biomass,Biomass (dedicated),2.1,Biomass (dedicated),Melksham,44.0,1.0,1.0,0.73
Heathrow Airport Biomass CHP,Biomass (dedicated),1.8,Biomass (dedicated),London,44.0,1.0,1.0,0.73
Bentwaters CHP,Biomass (dedicated),4.6,Biomass (dedicated),Bramford,44.0,1.0,1.0,0.73
SAICA Paper Mill,Biomass (dedicated),41.6,Biomass (dedicated),Daines,44.0,1.0,1.0,0.73
Eco Composting,Biomass (dedicated),3.2,Biomass (dedicated),S.W.Penisula,44.0,1.0,1.0,0.73
Rothes Bio-Plant,Biomass (dedicated),8.3,Biomass (dedicated),Beauly,44.0,1.0,1.0,0.73
Beckton Gas Pressure Reduction Station,Biomass (dedicated),19.0,Biomass (dedicated),London,44.0,1.0,1.0,0.73
Brigg Renewable Energy Plant (Re-submission),Biomass (dedicated),40.0,Biomass (dedicated),Keadby,44.0,1.0,1.0,0.73
Tilbury Green Power,Biomass (dedicated),43.0,Biomass (dedicated),Kemsley,44.0,1.0,1.0,0.73
Markinch Biomass CHP Plant,Biomass (dedicated),65.0,Biomass (dedicated),Denny/Bonnybridge,44.0,1.0,1.0,0.73
Blackburn Meadows Biomass Plant,Biomass (dedicated),30.0,Biomass (dedicated),Th. Marsh/Stocksbridge,44.0,1.0,1.0,0.73
Diageo Biomass Energy Project,Biomass (dedicated),5.5,Biomass (dedicated),Denny/Bonnybridge,44.0,1.0,1.0,0.73
Discovery Park,Biomass (dedicated),16.0,Biomass (dedicated),Sellindge,44.0,1.0,1.0,0.73
Drax Biomass Power Station - Unit 3,Biomass (dedicated),645.0,Biomass (dedicated),Thornton/Drax/Eggborough,44.0,1.0,1.0,0.73
King George Dock,Biomass (dedicated),9.0,Biomass (dedicated),Keadby,44.0,1.0,1.0,0.73
Northampton General Hospital,Biomass (dedicated),1.9,Biomass (dedicated),Sundon/East Claydon,44.0,1.0,1.0,0.73
Snetterton Biomass Plant,Biomass (dedicated),44.2,Biomass (dedicated),Bramford,44.0,1.0,1.0,0.73
Speyside Biomass CHP Plant,Biomass (dedicated),12.5,Biomass (dedicated),Beauly,44.0,1.0,1.0,0.73
Widnes 3MG Biomass/Mersey Bioenergy (CHP) Plant,Biomass (dedicated),20.0,Biomass (dedicated),Deeside,44.0,1.0,1.0,0.73
Drax Biomass Power Station - Unit 2,Biomass (dedicated),645.0,Biomass (dedicated),Thornton/Drax/Eggborough,44.0,1.0,1.0,0.73
Stevens Croft,Biomass (dedicated),50.4,Biomass (dedicated),Harker,44.0,1.0,1.0,0.73
Macphie of Glenbervie,Biomass (dedicated),1.2,Biomass (dedicated),Peterhead,44.0,1.0,1.0,0.73
Sleaford Renewable Energy Plant,Biomass (dedicated),40.0,Biomass (dedicated),Ratcliffe,44.0,1.0,1.0,0.73
Sustainable Power and Research Campus,Biomass (dedicated),6.5,Biomass (dedicated),Torness,44.0,1.0,1.0,0.73
Whitemoor,Biomass (dedicated),18.0,Biomass (dedicated),Thornton/Drax/Eggborough,44.0,1.0,1.0,0.73
Daventry,Biomass (dedicated),1.0,Biomass (dedicated),Sundon/East Claydon,44.0,1.0,1.0,0.73
The Sawmill,Biomass (dedicated),6.8,Biomass (dedicated),Ratcliffe,44.0,1.0,1.0,0.73
Felinfach,Biomass (dedicated),3.2,Biomass (dedicated),Deeside,44.0,1.0,1.0,0.73
Acharn Forest Killin Biomass Plant,Biomass (dedicated),5.6,Biomass (dedicated),Errochty,44.0,1.0,1.0,0.73
Hull Biomass Plant (Tansterne power station),Biomass (dedicated),22.0,Biomass (dedicated),Keadby,44.0,1.0,1.0,0.73
Pulteney Distillery,Biomass (dedicated),3.5,Biomass (dedicated),Peterhead,44.0,1.0,1.0,0.73
Harbour Road,Biomass (dedicated),2.6,Biomass (dedicated),Neilston,44.0,1.0,1.0,0.73
Barnsley 1.5,Biomass (dedicated),9.0,Biomass (dedicated),Th. Marsh/Stocksbridge,44.0,1.0,1.0,0.73
Spalding.1,Biomass (dedicated),14.5,Biomass (dedicated),Walpole,44.0,1.0,1.0,0.73
Balderton,Biomass (dedicated),20.3,Biomass (dedicated),Ratcliffe,44.0,1.0,1.0,0.73
Liberty Steel Power Station,Biomass (dedicated),9.0,Biomass (dedicated),Melksham,44.0,1.0,1.0,0.73
JG Pears' animal rendering facility,Biomass (dedicated),12.0,Biomass (dedicated),Keadby,44.0,1.0,1.0,0.73
Blazer Fuels,Biomass (dedicated),3.0,Biomass (dedicated),Deeside,44.0,1.0,1.0,0.73
Loicher Lane,Biomass (dedicated),8.0,Biomass (dedicated),Th. Marsh/Stocksbridge,44.0,1.0,1.0,0.73
Safran Landing Systems Service,Biomass (dedicated),3.6,Biomass (dedicated),Feckenham,44.0,1.0,1.0,0.73
ABP Ellesmere Abbatoir,Biomass (dedicated),1.1,Biomass (dedicated),Deeside,44.0,1.0,1.0,0.73
Alscot,Biomass (dedicated),1.6,Biomass (dedicated),Feckenham,44.0,1.0,1.0,0.73
Ipswich Hospital Energy Centre,Biomass (dedicated),2.6,Biomass (dedicated),Bramford,44.0,1.0,1.0,0.73
Drax Biomass Power Station - Unit 4,Biomass (dedicated),645.0,Biomass (dedicated),Thornton/Drax/Eggborough,44.0,1.0,1.0,0.73
Liberty Steel Dalzell,Biomass (dedicated),17.0,Biomass (dedicated),Strathaven,44.0,1.0,1.0,0.73
Wind Offshore Deeside,Wind Offshore,880.761326,Wind Offshore,Deeside,0.0,1.0,1.0,
Wind Offshore Sellindge,Wind Offshore,246.0227,Wind Offshore,Sellindge,0.0,1.0,1.0,
Wind Offshore Stella West,Wind Offshore,84.959842,Wind Offshore,Stella West,0.0,1.0,1.0,
Wind Offshore Penwortham,Wind Offshore,1358.209366,Wind Offshore,Penwortham,0.0,1.0,1.0,
Wind Offshore Bramford,Wind Offshore,1420.207109,Wind Offshore,Bramford,0.0,1.0,1.0,
Wind Offshore Torness,Wind Offshore,5.74053,Wind Offshore,Torness,0.0,1.0,1.0,
Wind Offshore Walpole,Wind Offshore,1792.1934500000002,Wind Offshore,Walpole,0.0,1.0,1.0,
Wind Offshore Kemsley,Wind Offshore,114.40056200000001,Wind Offshore,Kemsley,0.0,1.0,1.0,
Wind Offshore Lovedean,Wind Offshore,328.03027,Wind Offshore,Lovedean,0.0,1.0,1.0,
Wind Offshore Harker,Wind Offshore,142.693176,Wind Offshore,Harker,0.0,1.0,1.0,
Wind Offshore Peterhead,Wind Offshore,109.234079,Wind Offshore,Peterhead,0.0,1.0,1.0,
Wind Onshore Thornton/Drax/Eggborough,Wind Onshore,262.8113833,Wind Onshore,Thornton/Drax/Eggborough,0.0,1.0,1.0,
Wind Onshore Keadby,Wind Onshore,302.73686820000006,Wind Onshore,Keadby,0.0,1.0,1.0,
Wind Onshore Melksham,Wind Onshore,661.6895789699998,Wind Onshore,Melksham,0.0,1.0,1.0,
Wind Onshore Deeside,Wind Onshore,407.82375260000003,Wind Onshore,Deeside,0.0,1.0,1.0,
Wind Onshore Ratcliffe,Wind Onshore,136.34929577000003,Wind Onshore,Ratcliffe,0.0,1.0,1.0,
Wind Onshore Sellindge,Wind Onshore,63.3722907,Wind Onshore,Sellindge,0.0,1.0,1.0,
Wind Onshore Stella West,Wind Onshore,363.001745,Wind Onshore,Stella West,0.0,1.0,1.0,
Wind Onshore Penwortham,Wind Onshore,219.77848607,Wind Onshore,Penwortham,0.0,1.0,1.0,
Wind Onshore S.W.Penisula,Wind Onshore,222.03841997000004,Wind Onshore,S.W.Penisula,0.0,1.0,1.0,
Wind Onshore Bramford,Wind Onshore,35.02896217,Wind Onshore,Bramford,0.0,1.0,1.0,
Wind Onshore Neilston,Wind Onshore,1221.8704851,Wind Onshore,Neilston,0.0,1.0,1.0,
Wind Onshore Torness,Wind Onshore,759.1491821699999,Wind Onshore,Torness,0.0,1.0,1.0,
Wind Onshore Walpole,Wind Onshore,298.5936558,Wind Onshore,Walpole,0.0,1.0,1.0,
Wind Onshore Daines,Wind Onshore,52.166788000000004,Wind Onshore,Daines,0.0,1.0,1.0,
Wind Onshore Th. Marsh/Stocksbridge,Wind Onshore,75.142774,Wind Onshore,Th. Marsh/Stocksbridge,0.0,1.0,1.0,
Wind Onshore Kemsley,Wind Onshore,86.44244,Wind Onshore,Kemsley,0.0,1.0,1.0,
Wind Onshore Bramley,Wind Onshore,1.8832775,Wind Onshore,Bramley,0.0,1.0,1.0,
Wind Onshore Sundon/East Claydon,Wind Onshore,144.5415538,Wind Onshore,Sundon/East Claydon,0.0,1.0,1.0,
Wind Onshore Pelham,Wind Onshore,43.315384,Wind Onshore,Pelham,0.0,1.0,1.0,
Wind Onshore Harker,Wind Onshore,413.096936,Wind Onshore,Harker,0.0,1.0,1.0,
Wind Onshore Peterhead,Wind Onshore,772.23795184,Wind Onshore,Peterhead,0.0,1.0,1.0,
Wind Onshore London,Wind Onshore,12.80628767,Wind Onshore,London,0.0,1.0,1.0,
Wind Onshore Beauly,Wind Onshore,1891.0931837,Wind Onshore,Beauly,0.0,1.0,1.0,
Wind Onshore N. Ireland,Wind Onshore,566.5840562000001,Wind Onshore,N. Ireland,0.0,1.0,1.0,
Wind Onshore Denny/Bonnybridge,Wind Onshore,314.31902299999996,Wind Onshore,Denny/Bonnybridge,0.0,1.0,1.0,
Wind Onshore Strathaven,Wind Onshore,1420.46210657,Wind Onshore,Strathaven,0.0,1.0,1.0,
Wind Onshore Feckenham,Wind Onshore,58.3816051,Wind Onshore,Feckenham,0.0,1.0,1.0,
Wind Onshore Errochty,Wind Onshore,246.6151953,Wind Onshore,Errochty,0.0,1.0,1.0,
Wind Onshore Eccles,Wind Onshore,98.212926,Wind Onshore,Eccles,0.0,1.0,1.0,
Solar Photovoltaics Thornton/Drax/Eggborough,Solar Photovoltaics,107.11018229999998,Solar Photovoltaics,Thornton/Drax/Eggborough,0.0,1.0,1.0,
Solar Photovoltaics Keadby,Solar Photovoltaics,405.9373643,Solar Photovoltaics,Keadby,0.0,1.0,1.0,
Solar Photovoltaics Melksham,Solar Photovoltaics,2213.805271,Solar Photovoltaics,Melksham,0.0,1.0,1.0,
Solar Photovoltaics Deeside,Solar Photovoltaics,405.79123139999996,Solar Photovoltaics,Deeside,0.0,1.0,1.0,
Solar Photovoltaics Ratcliffe,Solar Photovoltaics,755.6163078,Solar Photovoltaics,Ratcliffe,0.0,1.0,1.0,
Solar Photovoltaics Sellindge,Solar Photovoltaics,247.8292889,Solar Photovoltaics,Sellindge,0.0,1.0,1.0,
Solar Photovoltaics Stella West,Solar Photovoltaics,87.52933060000001,Solar Photovoltaics,Stella West,0.0,1.0,1.0,
Solar Photovoltaics Penwortham,Solar Photovoltaics,138.0888441,Solar Photovoltaics,Penwortham,0.0,1.0,1.0,
Solar Photovoltaics S.W.Penisula,Solar Photovoltaics,2325.0069802999997,Solar Photovoltaics,S.W.Penisula,0.0,1.0,1.0,
Solar Photovoltaics Bramford,Solar Photovoltaics,484.40689490000005,Solar Photovoltaics,Bramford,0.0,1.0,1.0,
Solar Photovoltaics Neilston,Solar Photovoltaics,7.306288,Solar Photovoltaics,Neilston,0.0,1.0,1.0,
Solar Photovoltaics Torness,Solar Photovoltaics,36.53144,Solar Photovoltaics,Torness,0.0,1.0,1.0,
Solar Photovoltaics Walpole,Solar Photovoltaics,710.6095713000001,Solar Photovoltaics,Walpole,0.0,1.0,1.0,
Solar Photovoltaics Daines,Solar Photovoltaics,93.95886329999999,Solar Photovoltaics,Daines,0.0,1.0,1.0,
Solar Photovoltaics Th. Marsh/Stocksbridge,Solar Photovoltaics,200.77679469999995,Solar Photovoltaics,Th. Marsh/Stocksbridge,0.0,1.0,1.0,
Solar Photovoltaics Kemsley,Solar Photovoltaics,385.1875022,Solar Photovoltaics,Kemsley,0.0,1.0,1.0,
Solar Photovoltaics Lovedean,Solar Photovoltaics,643.2455913,Solar Photovoltaics,Lovedean,0.0,1.0,1.0,
Solar Photovoltaics Bramley,Solar Photovoltaics,516.1161837,Solar Photovoltaics,Bramley,0.0,1.0,1.0,
Solar Photovoltaics Sundon/East Claydon,Solar Photovoltaics,736.1815823999998,Solar Photovoltaics,Sundon/East Claydon,0.0,1.0,1.0,
Solar Photovoltaics Pelham,Solar Photovoltaics,732.8206833,Solar Photovoltaics,Pelham,0.0,1.0,1.0,
Solar Photovoltaics Harker,Solar Photovoltaics,73.93963550000001,Solar Photovoltaics,Harker,0.0,1.0,1.0,
Solar Photovoltaics Peterhead,Solar Photovoltaics,15.781582,Solar Photovoltaics,Peterhead,0.0,1.0,1.0,
Solar Photovoltaics London,Solar Photovoltaics,63.56470600000001,Solar Photovoltaics,London,0.0,1.0,1.0,
Solar Photovoltaics Denny/Bonnybridge,Solar Photovoltaics,46.760244300000004,Solar Photovoltaics,Denny/Bonnybridge,0.0,1.0,1.0,
Solar Photovoltaics Strathaven,Solar Photovoltaics,1.8996348,Solar Photovoltaics,Strathaven,0.0,1.0,1.0,
Solar Photovoltaics Feckenham,Solar Photovoltaics,518.3080704,Solar Photovoltaics,Feckenham,0.0,1.0,1.0,
Large Hydro Deeside,Large Hydro,163.7,Large Hydro,Deeside,0.0,1.0,1.0,
Large Hydro Neilston,Large Hydro,227.5,Large Hydro,Neilston,0.0,1.0,1.0,
Large Hydro Harker,Large Hydro,39.0,Large Hydro,Harker,0.0,1.0,1.0,
Large Hydro Beauly,Large Hydro,695.1,Large Hydro,Beauly,0.0,1.0,1.0,
Large Hydro Strathaven,Large Hydro,91.0,Large Hydro,Strathaven,0.0,1.0,1.0,
Large Hydro Errochty,Large Hydro,444.3,Large Hydro,Errochty,0.0,1.0,1.0,
Small Hydro Deeside,Small Hydro,10.6,Small Hydro,Deeside,0.0,1.0,1.0,
Small Hydro Ratcliffe,Small Hydro,1.7,Small Hydro,Ratcliffe,0.0,1.0,1.0,
Small Hydro Stella West,Small Hydro,0.8,Small Hydro,Stella West,0.0,1.0,1.0,
Small Hydro Neilston,Small Hydro,30.4,Small Hydro,Neilston,0.0,1.0,1.0,
Small Hydro Beauly,Small Hydro,86.6,Small Hydro,Beauly,0.0,1.0,1.0,
Small Hydro N. Ireland,Small Hydro,2.4,Small Hydro,N. Ireland,0.0,1.0,1.0,
Small Hydro Denny/Bonnybridge,Small Hydro,7.199999999999999,Small Hydro,Denny/Bonnybridge,0.0,1.0,1.0,
Small Hydro Feckenham,Small Hydro,5.5,Small Hydro,Feckenham,0.0,1.0,1.0,
Small Hydro Errochty,Small Hydro,70.4,Small Hydro,Errochty,0.0,1.0,1.0,
Interconnector Deeside,Interconnector,600.0,Interconnector,Deeside,20.0,1.0,1.0,1.0
Interconnector Sellindge,Interconnector,3200.0,Interconnector,Sellindge,20.0,1.0,1.0,1.0
Interconnector Neilston,Interconnector,600.0,Interconnector,Neilston,20.0,1.0,1.0,1.0
Interconnector Kemsley,Interconnector,1100.0,Interconnector,Kemsley,20.0,1.0,1.0,1.0
Interconnector Lovedean,Interconnector,1100.0,Interconnector,Lovedean,20.0,1.0,1.0,1.0
